Study;yi;vi;SE;age_mean;female_percent;ect_status;study_length_days;diagnosis_type;frequency_total;other_medication;dose_mgkg;baseline_depression_severity;depression_score_reduction
Loo et al., 2012;-0,064;0,0457;0,214;45,2;57,7;ECT;14;mixed;6;yes;0,5;32,1;22,74
Murrough et al., 2015;0,384;0,025;0,158;47,1;55,8;no_ECT;1;mdd;1;no;0,5;32,5;54,55
Rybakowski et al., 2016 (low frequency);-0,4;0,072;0,268;53;75,5;ECT;25;mixed;2;NA;1,5;34,87;50,17
Rybakowski et al., 2016 (high frequency);-0,287;0,0694;0,264;53;75,5;ECT;25;mixed;5;NA;1,5;38,3;67,7
Zhong et al., 2016 (Ketamine only);-0,951;0,0484;0,22;30,6;60;ECT;21;mixed;8;no;0,8;31,81;44,57
Zhong et al., 2016 (combination);-0,416;0,0362;0,19;30,6;60;ECT;21;mixed;8;no;0,5;31,81;40,45
Grunebaum et al., 2017;1,018;0,2169;0,466;39;43;no_ECT;7;bd;1;yes;0,5;27,44;NA
Zhang et al., 2018;0,039;0,0234;0,153;31,5;55,8;ECT;14;mixed;6;yes;0,5;34;33,44
Sharma et al., 2020;0,965;0,1832;0,428;34,4;66,7;no_ECT;14;mixed;6;yes;0,5;27,83;NA
Shiroma et al., 2020;0,536;0,0635;0,252;55,2;16,7;no_ECT;13;mdd;6;no;0,5;34,8;49,43
Keilp et al., 2021;0,243;0,0264;0,162;37,2;59,4;no_ECT;1;mdd;1;yes;0,5;34,64;32,99
Dong et al., 2023;6,03;0,5504;0,742;35,1;57,1;ECT;28;mdd;12;yes;0,3;37,71;79,18
Martin et al., 2024 (Cohort 1);-0,097;0,0359;0,189;45,9;26,5;no_ECT;28;mdd;8;no;0,5;NA;NA
Martin et al., 2024 (Cohort 2);-0,093;0,0228;0,151;44,5;37,7;no_ECT;28;mdd;8;no;0,7;NA;NA
