Study;yi;vi;SE;age_mean;female_percent;ect_status;study_length_days;diagnosis_type;control_type;other_medication;dose_mgkg;baseline_depression_severity;net_depression_advantage
Loo et al., 2012;0,319;0,0882;0,297;43;64;ECT;14;mixed;placebo;yes;0,5;32,4;NA
Murrough et al., 2015;0;0,0759;0,275;45,5;54,8;no_ECT;1;mdd;midazolam;no;0,5;32,5;27,84
Rybakowski et al., 2016;-0,559;0,1035;0,322;53;75,5;ECT;25;mixed;thiopental;NA;1,5;36,59;8,27
Zhong et al., 2016;0;0,05;0,224;30,6;60;ECT;56;mixed;propofol;no;0,5;31,81;7,12
Anderson et al., 2017;0,159;0,0672;0,259;54;62,9;ECT;NA;mixed;placebo;yes;0,5;33,5;-11,47
Zhang et al., 2018;-0,173;0,0529;0,23;30,2;53,2;ECT;14;mixed;propofol;yes;0,5;34;6,39
Sharma et al., 2020;0;0,1603;0,4;38;56;no_ECT;14;mixed;ect;yes;0,5;27,83;NA
Shiroma et al., 2020;0,649;0,1005;0,317;53;18,6;no_ECT;13;mdd;midazolam;no;0,5;34,8;-11,8
Araújo-de-Freitas et al., 2021;0,324;0,076;0,276;46,9;60,8;no_ECT;7;mdd;esketamine;yes;0,5;NA;NA
Martin et al., 2024 (Cohort 1);0;0,0589;0,243;47;25;no_ECT;28;mdd;midazolam;no;0,5;NA;NA
Martin et al., 2024 (Cohort 2);0;0,0377;0,194;45;38,7;no_ECT;28;mdd;midazolam;no;0,7;NA;NA
